{
  "ZIndex": 0,
  "Enabled": true,
  "ObjectName": "AstroBase",
  "UniqueName": "Base",
  "Children": [
    {
      "ZIndex": 0,
      "Enabled": true,
      "ObjectName": "Bar",
      "UniqueName": "HP",
      "Children": [],
      "Components": [
        {
          "RecreateType": "RelativeTransformComponent",
          "Position": {
            "X": 0.110247664,
            "Y": -0.11443291
          },
          "CenterPosition": {
            "X": 0,
            "Y": 0.5
          },
          "Rotation": 0,
          "Scale": {
            "Width": 0.76054907,
            "Height": 0.80666715
          }
        },
        {
          "RecreateType": "Sprite",
          "ResourceKey": "Slider1"
        }
      ]
    }
  ],
  "Components": [
    {
      "RecreateType": "TransformComponent",
      "Position": {
        "X": 119.83441,
        "Y": 153.38805
      },
      "CenterPosition": {
        "X": 0.5,
        "Y": 0.5
      },
      "Rotation": 0,
      "Scale": {
        "Width": 1,
        "Height": 1
      }
    },
    {
      "RecreateType": "Sprite",
      "ResourceKey": "AstroBase"
    },
    {
      "RecreateType": "ColliderComponent",
      "Position": {
        "X": 0.55762947,
        "Y": 0.50010896
      },
      "ColliderShape": {
        "RecreateType": "Rectangle",
        "Size": {
          "Width": 253.66708,
          "Height": 208.71342
        }
      }
    }
  ]
}