{
  "ZIndex": 0,
  "Enabled": true,
  "ObjectName": "F10RailGunProjectile",
  "UniqueName": "Base",
  "Children": [],
  "Components": [
    {
      "RecreateType": "TransformComponent",
      "Position": {
        "X": 127.82337,
        "Y": 198.12622
      },
      "CenterPosition": {
        "X": 0.5,
        "Y": 0.5
      },
      "Rotation": 0,
      "Scale": {
        "Width": 1,
        "Height": 1
      }
    },
    {
      "RecreateType": "Sprite",
      "ResourceKey": "F10_RailGunPrj"
    },
    {
      "RecreateType": "ColliderComponent",
      "Position": {
        "X": 0.9331106,
        "Y": 0.45696855
      },
      "ColliderShape": {
        "RecreateType": "Rectangle",
        "Size": {
          "Width": 25.687805,
          "Height": 14.44939
        }
      }
    }
  ]
}