{
  "ZIndex": 0,
  "Enabled": true,
  "ObjectName": "GunBlast",
  "UniqueName": "Base",
  "Children": [],
  "Components": [
    {
      "RecreateType": "TransformComponent",
      "Position": {
        "X": 0,
        "Y": 0
      },
      "CenterPosition": {
        "X": 0.5,
        "Y": 0.5
      },
      "Rotation": 0,
      "Scale": {
        "Width": 1,
        "Height": 1
      }
    },
    {
      "RecreateType": "Animation",
      "AnimationFrames": [
        {
          "RecreateType": "AnimationFrame",
          "Lifespan": 30.525177717208862
        },
        {
          "RecreateType": "AnimationFrame",
          "Lifespan": 29.105693101882935
        },
        {
          "RecreateType": "AnimationFrame",
          "Lifespan": 27.73091197013855
        },
        {
          "RecreateType": "AnimationFrame",
          "Lifespan": 26.400119066238403
        },
        {
          "RecreateType": "AnimationFrame",
          "Lifespan": 25.11259913444519
        },
        {
          "RecreateType": "AnimationFrame",
          "Lifespan": 23.867636919021606
        },
        {
          "RecreateType": "AnimationFrame",
          "Lifespan": 22.664517164230347
        },
        {
          "RecreateType": "AnimationFrame",
          "Lifespan": 21.502524614334106
        },
        {
          "RecreateType": "AnimationFrame",
          "Lifespan": 20.38094401359558
        },
        {
          "RecreateType": "AnimationFrame",
          "Lifespan": 19.299060106277466
        },
        {
          "RecreateType": "AnimationFrame",
          "Lifespan": 18.256157636642456
        },
        {
          "RecreateType": "AnimationFrame",
          "Lifespan": 17.251521348953247
        },
        {
          "RecreateType": "AnimationFrame",
          "Lifespan": 16.284435987472534
        },
        {
          "RecreateType": "AnimationFrame",
          "Lifespan": 15.354186296463013
        },
        {
          "RecreateType": "AnimationFrame",
          "Lifespan": 14.460057020187378
        },
        {
          "RecreateType": "AnimationFrame",
          "Lifespan": 13.601332902908325
        },
        {
          "RecreateType": "AnimationFrame",
          "Lifespan": 12.77729868888855
        },
        {
          "RecreateType": "AnimationFrame",
          "Lifespan": 11.987239122390747
        },
        {
          "RecreateType": "AnimationFrame",
          "Lifespan": 11.230438947677612
        },
        {
          "RecreateType": "AnimationFrame",
          "Lifespan": 10.50618290901184
        },
        {
          "RecreateType": "AnimationFrame",
          "Lifespan": 9.813755750656128
        },
        {
          "RecreateType": "AnimationFrame",
          "Lifespan": 9.152442216873169
        },
        {
          "RecreateType": "AnimationFrame",
          "Lifespan": 8.52152705192566
        },
        {
          "RecreateType": "AnimationFrame",
          "Lifespan": 7.920295000076294
        },
        {
          "RecreateType": "AnimationFrame",
          "Lifespan": 7.3480308055877686
        },
        {
          "RecreateType": "AnimationFrame",
          "Lifespan": 6.804019212722778
        },
        {
          "RecreateType": "AnimationFrame",
          "Lifespan": 6.2875449657440186
        },
        {
          "RecreateType": "AnimationFrame",
          "Lifespan": 5.797892808914185
        },
        {
          "RecreateType": "AnimationFrame",
          "Lifespan": 5.334347486495972
        },
        {
          "RecreateType": "AnimationFrame",
          "Lifespan": 4.896193742752075
        },
        {
          "RecreateType": "AnimationFrame",
          "Lifespan": 4.48271632194519
        },
        {
          "RecreateType": "AnimationFrame",
          "Lifespan": 4.093199968338013
        },
        {
          "RecreateType": "AnimationFrame",
          "Lifespan": 3.7269294261932373
        },
        {
          "RecreateType": "AnimationFrame",
          "Lifespan": 3.3831894397735596
        },
        {
          "RecreateType": "AnimationFrame",
          "Lifespan": 3.061264753341675
        },
        {
          "RecreateType": "AnimationFrame",
          "Lifespan": 2.7604401111602783
        },
        {
          "RecreateType": "AnimationFrame",
          "Lifespan": 2.4800002574920654
        },
        {
          "RecreateType": "AnimationFrame",
          "Lifespan": 2.2192299365997314
        },
        {
          "RecreateType": "AnimationFrame",
          "Lifespan": 1.9774138927459717
        },
        {
          "RecreateType": "AnimationFrame",
          "Lifespan": 1.7538368701934814
        },
        {
          "RecreateType": "AnimationFrame",
          "Lifespan": 1.547783613204956
        },
        {
          "RecreateType": "AnimationFrame",
          "Lifespan": 1.3585388660430908
        },
        {
          "RecreateType": "AnimationFrame",
          "Lifespan": 1.185387372970581
        },
        {
          "RecreateType": "AnimationFrame",
          "Lifespan": 1.027613878250122
        },
        {
          "RecreateType": "AnimationFrame",
          "Lifespan": 0.8845031261444092
        },
        {
          "RecreateType": "AnimationFrame",
          "Lifespan": 0.7553398609161377
        },
        {
          "RecreateType": "AnimationFrame",
          "Lifespan": 0.6394088268280029
        },
        {
          "RecreateType": "AnimationFrame",
          "Lifespan": 0.5359947681427002
        },
        {
          "RecreateType": "AnimationFrame",
          "Lifespan": 0.4443824291229248
        },
        {
          "RecreateType": "AnimationFrame",
          "Lifespan": 0.36385655403137207
        },
        {
          "RecreateType": "AnimationFrame",
          "Lifespan": 0.2937018871307373
        },
        {
          "RecreateType": "AnimationFrame",
          "Lifespan": 0.23320317268371582
        },
        {
          "RecreateType": "AnimationFrame",
          "Lifespan": 0.18164515495300293
        },
        {
          "RecreateType": "AnimationFrame",
          "Lifespan": 0.13831257820129395
        },
        {
          "RecreateType": "AnimationFrame",
          "Lifespan": 0.10249018669128418
        },
        {
          "RecreateType": "AnimationFrame",
          "Lifespan": 0.07346272468566895
        },
        {
          "RecreateType": "AnimationFrame",
          "Lifespan": 0.050514936447143555
        },
        {
          "RecreateType": "AnimationFrame",
          "Lifespan": 0.03293156623840332
        },
        {
          "RecreateType": "AnimationFrame",
          "Lifespan": 0.019997358322143555
        },
        {
          "RecreateType": "AnimationFrame",
          "Lifespan": 0.01099705696105957
        },
        {
          "RecreateType": "AnimationFrame",
          "Lifespan": 0.00521540641784668
        },
        {
          "RecreateType": "AnimationFrame",
          "Lifespan": 0.0019371509552001953
        },
        {
          "RecreateType": "AnimationFrame",
          "Lifespan": 0.0004470348358154297
        },
        {
          "RecreateType": "AnimationFrame",
          "Lifespan": 2.9802322387695312E-05
        }
      ],
      "Duration": 500,
      "Rows": 8,
      "Columns": 8,
      "EaseType": "Ease Out Quart f(t)=1 - (1 - t)^4",
      "EaseFactoryName": "EaseOutQuart",
      "AnimationSpeed": 1,
      "IsLooping": false,
      "Reverse": false,
      "Freeze": true,
      "EaseConstants": {},
      "ResourceKey": "Explosion2"
    }
  ]
}