{
  "ZIndex": 0,
  "Enabled": true,
  "ObjectName": "TestExport",
  "UniqueName": "base",
  "Children": [],
  "Components": [
    {
      "RecreateType": "TransformComponent",
      "Position": {
        "X": 0,
        "Y": 0
      },
      "CenterPosition": {
        "X": 0.5,
        "Y": 0.5
      },
      "Rotation": 0,
      "Scale": {
        "Width": 1,
        "Height": 1
      }
    },
    {
      "RecreateType": "Sprite",
      "ResourceKey": "HumanCF"
    }
  ]
}